পদার্থবিজ্ঞান ২য় পত্র,তাপগতিবিদ্যা
পদার্থবিজ্ঞান ২য় পত্র,স্থির তড়িৎ
পদার্থবিজ্ঞান ২য় পত্র,চল তড়িৎ
পদার্থবিজ্ঞান ২য় পত্র,তড়িৎ প্রবাহের চৌম্বক ক্রিয়া ও চৌম্বকত্ব
পদার্থবিজ্ঞান ২য় পত্র,তড়িৎচৌম্বকীয় আবেশ
পদার্থবিজ্ঞান ২য় পত্র,জ্যামিতিক আলোকবিজ্ঞান
পদার্থবিজ্ঞান ২য় পত্র,ভৌত আলোকবিজ্ঞান
পদার্থবিজ্ঞান ২য় পত্র,আধুনিক পদার্থ বিজ্ঞান
পদার্থবিজ্ঞান ২য় পত্র,পরমাণুর মডেল ও নিউক্লিয়ার পদার্থবিজ্ঞান
পদার্থবিজ্ঞান ২য় পত্র,সেমিকন্ডাক্টর ও ইলেক্ট্রনিক্স
পদার্থবিজ্ঞান ২য় পত্র,জ্যোতির্বিজ্ঞান
পদার্থবিজ্ঞান ১ম পত্র,ভৌতজগত ও পরিমাপ
পদার্থবিজ্ঞান ১ম পত্র,ভেক্টর
পদার্থবিজ্ঞান ১ম পত্র,গতিবিদ্যা
পদার্থবিজ্ঞান ১ম পত্র,নিউটনিয়ান বলবিদ্যা
পদার্থবিজ্ঞান ১ম পত্র,"কাজ, ক্ষমতা, ও শক্তি"
পদার্থবিজ্ঞান ১ম পত্র,মহাকর্ষ ও অভিকর্ষ
পদার্থবিজ্ঞান ১ম পত্র,পদার্থের গাঠনিক ধর্ম
পদার্থবিজ্ঞান ১ম পত্র,পর্যায়বৃত্ত গতি
পদার্থবিজ্ঞান ১ম পত্র,তরঙ্গ
পদার্থবিজ্ঞান ১ম পত্র,আদর্শ গ্যাস ও গ্যাসের গতিতত্ত্ব
রসায়ন ১ম পত্র,ল্যাবরেটরির নিরাপদ ব্যবহার
রসায়ন ১ম পত্র,গুণগত রসায়ন
রসায়ন ১ম পত্র,মৌলের পর্যায়বৃত্ত ধর্ম ও রাসায়নিক বন্ধন
রসায়ন ১ম পত্র,রাসায়নিক পরিবর্তন
রসায়ন ১ম পত্র,কর্মমুখী রসায়ন
রসায়ন ২য় পত্র,পরিবেশ রসায়ন
রসায়ন ২য় পত্র,জৈব যৌগ
রসায়ন ২য় পত্র,পরিমাণগত রসায়ন
রসায়ন ২য় পত্র,তড়িৎ রসায়ন
রসায়ন ২য় পত্র,অর্থনৈতিক রসায়ন
উচ্চতর গণিত ১ম পত্র,ম্যাট্রিক্স ও নির্ণায়ক
উচ্চতর গণিত ১ম পত্র,ভেক্টর
উচ্চতর গণিত ১ম পত্র,সরলরেখা
উচ্চতর গণিত ১ম পত্র,বৃত্ত
উচ্চতর গণিত ১ম পত্র,বিন্যাস ও সমাবেশ
উচ্চতর গণিত ১ম পত্র,ত্রিকোণমিতিক অনুপাত
উচ্চতর গণিত ১ম পত্র,সংযুক্ত ও যৌগিক কোণের ত্রিকোণমিতিক অনুপাত
উচ্চতর গণিত ১ম পত্র,ফাংশন ও ফাংশনের লেখচিত্র
উচ্চতর গণিত ১ম পত্র,অন্তরীকরণ
উচ্চতর গণিত ১ম পত্র,যোগজীকরণ
উচ্চতর গণিত ২য় পত্র,বাস্তব সংখ্যা ও অসমতা
উচ্চতর গণিত ২য় পত্র,যোগাশ্রয়ী প্রোগ্রাম
উচ্চতর গণিত ২য় পত্র,জটিল সংখ্যা
উচ্চতর গণিত ২য় পত্র,বহুপদী ও বহুপদী সমীকরণ
উচ্চতর গণিত ২য় পত্র,দ্বিপদী বিস্তৃতি
উচ্চতর গণিত ২য় পত্র,কণিক
উচ্চতর গণিত ২য় পত্র,বিপরীত ত্রিকোণমিতিক ফাংশন ও ত্রিকোণমিতিক সমীকরণ
উচ্চতর গণিত ২য় পত্র,স্থিতিবিদ্যা
উচ্চতর গণিত ২য় পত্র,সমতলে বস্তুকণার গতি
উচ্চতর গণিত ২য় পত্র,বিস্তার পরিমাপ ও সম্ভাবনা
জীববিজ্ঞান ১ম পত্র,কোষ ও এর গঠন
জীববিজ্ঞান ১ম পত্র,কোষ বিভাজন
জীববিজ্ঞান ১ম পত্র,কোষ রসায়ন
জীববিজ্ঞান ১ম পত্র,অণুজীব
জীববিজ্ঞান ১ম পত্র,শৈবাল ও ছত্রাক
জীববিজ্ঞান ১ম পত্র,ব্রায়োফাইটা ও টেরিডোফাইটা
জীববিজ্ঞান ১ম পত্র,নগ্নবীজী ও আবৃতবীজী উদ্ভিদ
জীববিজ্ঞান ১ম পত্র,টিসু ও টিসুতন্ত্র
জীববিজ্ঞান ১ম পত্র,উদ্ভিদ শরীরতত্ত্ব
জীববিজ্ঞান ১ম পত্র,উদ্ভিদ প্রজনন
জীববিজ্ঞান ১ম পত্র,জীব প্রযুক্তি
জীববিজ্ঞান ১ম পত্র,"বিস্তার ও সংরক্ষণ,জীবের পরিবেশ"
জীববিজ্ঞান ২য় পত্র,প্রাণীর ভিন্নতা ও শ্রেণিবিন্যাস
জীববিজ্ঞান ২য় পত্র,প্রাণীর পরিচিতি
জীববিজ্ঞান ২য় পত্র,পরিপাক ও শোষণ
জীববিজ্ঞান ২য় পত্র,রক্ত সঞ্চালন
জীববিজ্ঞান ২য় পত্র,শ্বাসক্রিয়া শ্বসন
জীববিজ্ঞান ২য় পত্র,বর্জ্য নিষ্কাশন
জীববিজ্ঞান ২য় পত্র,চলন ও অঙ্গচালনা
জীববিজ্ঞান ২য় পত্র,সমন্বয় ও নিয়ন্ত্রণ
জীববিজ্ঞান ২য় পত্র,মানব জীবনের ধারাবাহিকতা
জীববিজ্ঞান ২য় পত্র,মানবদেহের প্রতিরক্ষা
জীববিজ্ঞান ২য় পত্র,জিনতত্ত্ব ও বিবর্তন
জীববিজ্ঞান ২য় পত্র,প্রাণীর আচরণ
তথ্য ও যোগাযোগ প্রযুক্তি,বিশ্ব ও বাংলাদেশ পরিচিতি
তথ্য ও যোগাযোগ প্রযুক্তি,কমিউনিকেশন সিস্টেমস ও নেটওয়ার্কিং
তথ্য ও যোগাযোগ প্রযুক্তি,সংখ্যা পদ্ধতি ও ডিজিটাল ডিভাইস
তথ্য ও যোগাযোগ প্রযুক্তি,ওয়েব ডিজাইন পরিচিতি এবং এইচটিএমএল
তথ্য ও যোগাযোগ প্রযুক্তি,প্রোগ্রামিং ভাষা
তথ্য ও যোগাযোগ প্রযুক্তি,ডেটাবেজ ম্যানেজমেন্ট সিস্টেম
